block_code,block_name,district_name
3276,Anugul,Angul
3277,Athmallik,Angul
3278,Banarpal,Angul
3279,Chhendipada,Angul
3280,Kaniha,Angul
3281,Kishorenagar,Angul
3282,Palalahada,Angul
3283,Talacher,Angul
3284,Agalpur,Balangir
3285,Balangir,Balangir
3286,Bangomunda,Balangir
3287,Belpara,Balangir
3288,Deogaon,Balangir
3289,Gudvella,Balangir
3290,Khaprakhol,Balangir
3291,Loisinga,Balangir
3292,Muribahal,Balangir
3293,Patnagarh,Balangir
3294,Puintala,Balangir
3295,Saintala,Balangir
3296,Titlagarh,Balangir
3297,Turekela,Balangir
3298,Bahanaga,Balasore
3299,Baleshwar,Balasore
3300,Baliapal,Balasore
3301,Basta,Balasore
3302,Bhograi,Balasore
3303,Jaleswar,Balasore
3304,Khaira,Balasore
3305,Nilgiri,Balasore
3306,Oupada,Balasore
3307,Remuna,Balasore
3308,Simulia,Balasore
3309,Soro,Balasore
3310,Ambabhona,Bargarh
3311,Attabira,Bargarh
3312,Bargarh,Bargarh
3313,Barpali,Bargarh
3314,Bhatli,Bargarh
3315,Bheden,Bargarh
3316,Bijepur,Bargarh
3317,Gaisilet,Bargarh
3318,Jharbandh,Bargarh
3319,Padampur,Bargarh
3320,Paikmal,Bargarh
3321,Sohella,Bargarh
3322,Basudevpur,Bhadrak
3323,Bhadrak,Bhadrak
3324,Bhandaripokhari,Bhadrak
3325,Bonth,Bhadrak
3326,Chandabali,Bhadrak
3327,Dhamanagar,Bhadrak
3328,Tihidi,Bhadrak
3329,Boudh,Boudh
3330,Harabhanga,Boudh
3331,Kantamal,Boudh
3332,Athagad,Cuttack
3333,Badamba,Cuttack
3334,Banki,Cuttack
3335,Banki- Dampara,Cuttack
3336,Baranga,Cuttack
3337,Cuttacksadar,Cuttack
3338,Kantapada,Cuttack
3339,Mahanga,Cuttack
3340,Narasinghpur,Cuttack
3341,Niali,Cuttack
3342,Nischinta Koili,Cuttack
3343,Salepur,Cuttack
3344,Tangi Choudwar,Cuttack
3345,Tigiria,Cuttack
3346,Barkote,Deogarh
3347,Reamal,Deogarh
3348,Tileibani,Deogarh
3349,Bhuban,Dhenkanal
3350,Dhenkanal Sadar,Dhenkanal
3351,Gondia,Dhenkanal
3352,Hindol,Dhenkanal
3353,Kamakhyanagar,Dhenkanal
3354,Kankada Had,Dhenkanal
3355,Odapada,Dhenkanal
3356,Parjang,Dhenkanal
3357,Gosani,Gajapati
3358,Gumma,Gajapati
3359,Kasinagar,Gajapati
3360,Mohana,Gajapati
3361,Nuagada,Gajapati
3362,R.Udayagiri,Gajapati
3363,Rayagada,Gajapati
3364,Aska,Ganjam
3365,Beguniapada,Ganjam
3366,Bellaguntha,Ganjam
3367,Bhanjanagar,Ganjam
3368,Buguda,Ganjam
3369,Chatrapur,Ganjam
3370,Chikiti,Ganjam
3371,Dharakote,Ganjam
3372,Digapahandi,Ganjam
3373,Ganjam,Ganjam
3374,Hinjilicut,Ganjam
3375,Jagannathprasad,Ganjam
3376,Kabisuryanagar,Ganjam
3377,Khallikote,Ganjam
3378,Kukudakhandi,Ganjam
3379,Patrapur,Ganjam
3380,Polosara,Ganjam
3381,Purushottampur,Ganjam
3382,Rangeilunda,Ganjam
3383,Sanakhemundi,Ganjam
3384,Sheragada,Ganjam
3385,Surada,Ganjam
3386,Balikuda,Jagatsinghapur
3387,Biridi,Jagatsinghapur
3388,Erasama,Jagatsinghapur
3389,Jagatsinghpur,Jagatsinghapur
3390,Kujang,Jagatsinghapur
3391,Naugaon,Jagatsinghapur
3392,Raghunathpur,Jagatsinghapur
3393,Tirtol,Jagatsinghapur
3394,Badchana,Jajpur
3395,Bari,Jajpur
3396,Binjharpur,Jajpur
3397,Dahrmasala,Jajpur
3398,Danagadi,Jajpur
3399,Dasarathapur,Jajpur
3400,Jajpur,Jajpur
3401,Korei,Jajpur
3402,Rasulpur,Jajpur
3403,Sukinda,Jajpur
3404,Jharsuguda,Jharsuguda
3405,Kirmira,Jharsuguda
3406,Kolabira,Jharsuguda
3407,Laikera,Jharsuguda
3408,Lakhanpur,Jharsuguda
3409,Bhawanipatna,Kalahandi
3410,Dharamagarh,Kalahandi
3411,Golamunda,Kalahandi
3412,Jayapatna,Kalahandi
3413,Junagarh,Kalahandi
3414,Kalampur,Kalahandi
3415,Karlamunda,Kalahandi
3416,Kesinga,Kalahandi
3417,Kokasara,Kalahandi
3418,Lanjigarh,Kalahandi
3419,Madanpur Rampur,Kalahandi
3420,Narala,Kalahandi
3421,Thuamul Ram Pur,Kalahandi
3422,Baliguda,Kandhamal
3423,Chakapad,Kandhamal
3424,Daringibadi,Kandhamal
3425,G.Udayagiri,Kandhamal
3426,K.Nuagan,Kandhamal
3427,Khajuripada,Kandhamal
3428,Kotagarh,Kandhamal
3429,Phiringia,Kandhamal
3430,Phulbani,Kandhamal
3431,Raikia,Kandhamal
3432,Tikabali,Kandhamal
3433,Tumudibandh,Kandhamal
3434,Aul,Kendrapara
3435,Derabish,Kendrapara
3436,Garadapur,Kendrapara
3437,Kendrapada,Kendrapara
3438,Mahakalapada,Kendrapara
3439,Marsaghai,Kendrapara
3440,Pattamundai,Kendrapara
3441,Rajkanika,Kendrapara
3442,Rajnagar,Kendrapara
3443,Anandapur,Keonjhar
3444,Bansapal,Keonjhar
3445,Champua,Keonjhar
3446,Ghasipura,Keonjhar
3447,Ghatgaon,Keonjhar
3448,Harichadanpur,Keonjhar
3449,Hatadihi,Keonjhar
3450,Jhumpura,Keonjhar
3451,Joda,Keonjhar
3452,Kendujhar Sadar,Keonjhar
3453,Patana,Keonjhar
3454,Saharapada,Keonjhar
3455,Telkoi,Keonjhar
3456,Balianta,Khordha
3457,Balipatna,Khordha
3458,Banapur,Khordha
3459,Begunia,Khordha
3460,Bhubaneswar,Khordha
3461,Bolagarh,Khordha
3462,Chilika,Khordha
3463,Jatni,Khordha
3464,Khordha,Khordha
3465,Tangi,Khordha
3466,Bandhugaon,Koraput
3467,Boipariguda,Koraput
3468,Borigumma,Koraput
3469,Dasamantapur,Koraput
3470,Jeypore,Koraput
3471,Koraput,Koraput
3472,Kotpad,Koraput
3473,Kundura,Koraput
3474,Lamtaput,Koraput
3475,Laxmipur,Koraput
3476,Nandapur,Koraput
3477,Narayan Patana,Koraput
3478,Pottangi,Koraput
3479,Semiliguda,Koraput
3483,Chitrakonda,Malkangiri
3480,Kalimela,Malkangiri
3481,Khairaput,Malkangiri
3482,Korukonda,Malkangiri
3484,Malkangiri,Malkangiri
3485,Mathili,Malkangiri
3486,Podia,Malkangiri
3487,Badasahi,Mayurbhanj
3488,Bahalda,Mayurbhanj
3489,Bangriposi,Mayurbhanj
3490,Baripada,Mayurbhanj
3491,Betnoti,Mayurbhanj
3492,Bijatala,Mayurbhanj
3493,Bisoi,Mayurbhanj
3494,Gopabandhunagar,Mayurbhanj
3495,Jamda,Mayurbhanj
3496,Joshipur,Mayurbhanj
3497,Kaptipada,Mayurbhanj
3498,Karanjia,Mayurbhanj
3499,Khunta,Mayurbhanj
3500,Kuliana,Mayurbhanj
3501,Kusumi,Mayurbhanj
3502,Morada,Mayurbhanj
3503,Rairangpur,Mayurbhanj
3504,Raruan,Mayurbhanj
3505,Rasgovindpur,Mayurbhanj
3506,Samakhunta,Mayurbhanj
3507,Saraskana,Mayurbhanj
3508,Sukruli,Mayurbhanj
3509,Suliapada,Mayurbhanj
3510,Thakurmunda,Mayurbhanj
3511,Tiring,Mayurbhanj
3512,Udala,Mayurbhanj
3513,Chandahandi,Nabarangpur
3514,Dabugam,Nabarangpur
3515,Jharigam,Nabarangpur
3516,Kosagumuda,Nabarangpur
3517,Nabarangpur,Nabarangpur
3518,Nandahandi,Nabarangpur
3519,Papadahandi,Nabarangpur
3520,Raighar,Nabarangpur
3521,Tentulikhunti,Nabarangpur
3522,Umerkote,Nabarangpur
3523,Bhapur,Nayagarh
3524,Dasapalla,Nayagarh
3525,Gania,Nayagarh
3526,Khandapara,Nayagarh
3527,Nayagarh,Nayagarh
3528,Nuagaon,Nayagarh
3529,Odagaon,Nayagarh
3530,Ranapur,Nayagarh
3531,Boden,Nuapada
3532,Khariar,Nuapada
3533,Komna,Nuapada
3534,Nuapada,Nuapada
3535,Sinapali,Nuapada
3536,Astaranga,Puri
3537,Brahmagiri,Puri
3538,Delanga,Puri
3539,Gop,Puri
3540,Kakat Pur,Puri
3541,Kanas,Puri
3542,Krushnaprasad,Puri
3543,Nimapada,Puri
3544,Pipili,Puri
3545,Sadar,Puri
3546,Satyabadi,Puri
3547,Bissamcuttack,Rayagada
3548,Chandrapur,Rayagada
3549,Gudari,Rayagada
3550,Gunupur,Rayagada
3551,Kalyansingpur,Rayagada
3552,Kasipur,Rayagada
3553,Kolnara,Rayagada
3554,Muniguda,Rayagada
3555,Padmapur,Rayagada
3556,Ramanaguda,Rayagada
3557,Rayagada,Rayagada
3558,Bamra,Sambalpur
3559,Dhankauda,Sambalpur
3560,Jamankira,Sambalpur
3561,Jujomura,Sambalpur
3562,Kuchinda,Sambalpur
3563,Maneswar,Sambalpur
3564,Naktideul,Sambalpur
3565,Rairakhol,Sambalpur
3566,Rengali,Sambalpur
3567,Binika,Sonepur
3568,Birmaharajpur,Sonepur
3569,Dunguripali,Sonepur
3570,Sonepur,Sonepur
3571,Tarbha,Sonepur
3572,Ullunda,Sonepur
3573,Balisankara,Sundargarh
3574,Bargaon,Sundargarh
3575,Bisra,Sundargarh
3576,Bonaigarh,Sundargarh
3577,Gurundia,Sundargarh
3578,Hemgir,Sundargarh
3579,Koida,Sundargarh
3580,Kuarmunda,Sundargarh
3581,Kutra,Sundargarh
3582,Lahunipara,Sundargarh
3583,Lathikata,Sundargarh
3584,Lephripara,Sundargarh
3585,Nuagaon,Sundargarh
3586,Rajgangpur,Sundargarh
3587,Subdega,Sundargarh
3588,Sundargarh,Sundargarh
3589,Tangarpali,Sundargarh
